temperature,humidity,ph,water availability,season,label
20.87974371,82.00274423,6.502985292,202.9355362,rainy,rice
21.77046169,80.31964408,7.038096361,226.6555374,rainy,rice
23.00445915,82.3207629,7.840207144,263.9642476,rainy,rice
26.49109635,80.15836264,6.980400905,242.8640342,rainy,rice
20.13017482,81.60487287,7.628472891,262.7173405,rainy,rice
23.05804872,83.37011772,7.073453503,251.0549998,rainy,rice
22.70883798,82.63941394,5.70080568,271.3248604,rainy,rice
20.27774362,82.89408619,5.718627178,241.9741949,rainy,rice
24.51588066,83.5352163,6.685346424,230.4462359,rainy,rice
23.22397386,83.03322691,6.336253525,221.2091958,rainy,rice
26.52723513,81.41753846,5.386167788,264.6148697,rainy,rice
23.97898217,81.45061596,7.50283396,250.0832336,rainy,rice
26.80079604,80.88684822,5.108681786,284.4364567,rainy,rice
24.01497622,82.05687182,6.98435366,185.2773389,rainy,rice
25.66585205,80.66385045,6.94801983,209.5869708,rainy,rice
24.28209415,80.30025587,7.042299069,231.0863347,rainy,rice
21.58711777,82.7883708,6.249050656,276.6552459,rainy,rice
23.79391957,80.41817957,6.970859754,206.2611855,rainy,rice
21.8652524,80.1923008,5.953933276,224.5550169,rainy,rice
23.57943626,83.58760316,5.85393208,291.2986618,rainy,rice
21.32504158,80.47476396,6.442475375,185.4974732,rainy,rice
25.15745531,83.11713476,5.070175667,231.3843163,rainy,rice
21.94766735,80.97384195,6.012632591,213.3560921,rainy,rice
21.0525355,82.67839517,6.254028451,233.1075816,rainy,rice
23.48381344,81.33265073,7.375482851,224.0581164,rainy,rice
25.0756354,80.52389148,7.778915154,257.0038865,rainy,rice
26.35927159,84.04403589,6.286500176,271.3586137,rainy,rice
24.52922681,80.54498576,7.070959995,260.2634026,rainy,rice
20.77576147,84.49774397,6.244841491,240.0810647,rainy,rice
22.30157427,80.64416466,6.043304899,197.9791215,rainy,rice
21.44653958,84.94375962,5.824709117,272.2017204,rainy,rice
22.17931888,80.33127223,6.357389366,200.0882787,rainy,rice
24.52783742,82.73685569,6.364134968,224.6757231,rainy,rice
20.26707606,81.63895217,5.01450727,270.4417274,rainy,rice
25.7354293,83.88266234,6.149410611,233.1321372,rainy,rice
26.79533926,82.1480873,5.950660556,193.3473987,rainy,rice
26.75754171,81.17734011,5.960370061,272.2999056,rainy,rice
23.86330467,83.15250801,5.561398642,285.2493645,rainy,rice
21.01944696,82.95221726,7.416245107,298.4018471,rainy,rice
24.17298839,83.7287574,5.583370042,257.0343554,rainy,rice
22.78133816,82.06719137,6.430010215,248.7183228,rainy,rice
25.62980105,83.52842314,5.534878156,209.9001977,rainy,rice
25.59704938,80.14509262,6.903985986,200.834898,rainy,rice
23.83067496,84.81360127,6.271478838,298.5601175,rainy,rice
26.31355498,82.36698992,7.224285503,265.5355937,rainy,rice
24.8972823,80.52586088,6.13428721,183.6793207,rainy,rice
24.958779,84.47963372,5.206373153,196.9560008,rainy,rice
23.24113501,84.59201843,7.782051313,233.0453455,rainy,rice
21.66628296,80.70960551,7.062779015,210.8142087,rainy,rice
24.63544858,80.41363018,7.730367824,253.7202781,rainy,rice
23.43121862,83.06310136,5.286203711,219.9048349,rainy,rice
20.0454142,80.3477562,6.766240045,208.5810155,rainy,rice
23.85724032,82.22572988,7.382762603,195.0948311,rainy,rice
21.97199397,81.89918197,5.658169482,227.3637009,rainy,rice
26.22916897,83.83625819,5.543360238,286.5083725,rainy,rice
23.44676801,84.79352417,6.215109715,283.9338466,rainy,rice
25.65553461,83.47021081,7.120272972,217.3788583,rainy,rice
24.44345477,82.45432595,5.950647577,267.9761948,rainy,rice
20.2801937,82.1235421,7.236705436,191.9535738,rainy,rice
21.7238313,80.2389895,6.501697816,277.9626192,rainy,rice
20.41447029,82.20802629,7.592490617,245.1511304,rainy,rice
25.75528612,83.51827127,5.875345751,245.6626799,rainy,rice
20.61521424,83.77345559,6.932400225,279.5451717,rainy,rice
21.84106875,80.72886384,6.946209881,202.3838319,rainy,rice
20.08369642,83.29114712,5.739175027,263.6372176,rainy,rice
24.45802087,82.74835604,6.738652179,182.5616319,rainy,rice
21.14347496,80.33502926,5.594819626,198.6730942,rainy,rice
25.78720567,82.11124033,6.946636369,243.5120414,rainy,rice
23.64124821,80.28597873,5.012139669,263.1103304,rainy,rice
23.43191632,80.56887849,6.363472208,269.5039162,rainy,rice
24.97669518,83.891805,6.880431223,204.8001847,rainy,rice
22.72791041,82.1706881,7.300410836,260.8875056,rainy,rice
24.87300744,82.84022551,6.587918708,295.6094492,rainy,rice
21.32376327,83.00320459,7.283736617,192.3197536,rainy,rice
26.29465461,84.56919326,7.023936392,257.4914906,rainy,rice
22.2286982,81.85872947,6.939083505,278.0791793,rainy,rice
26.73072391,81.78596776,7.868474653,280.4044392,rainy,rice
24.88921174,81.97927117,5.005306977,185.9461429,rainy,rice
26.88444878,81.46033732,6.136131869,194.5766559,rainy,rice
22.67846116,83.72874389,7.524080076,200.9133156,rainy,rice
26.08867875,80.37979919,5.706943251,182.9043504,rainy,rice
25.42977518,82.94682591,5.758506323,195.3574542,rainy,rice
26.40323239,81.05635517,6.349606327,223.3671883,rainy,rice
26.04371967,84.96907151,5.999969026,186.7536773,rainy,rice
25.2827223,80.54372813,5.453592032,220.1156708,rainy,rice
22.08576562,83.47038318,6.372576327,231.7364957,rainy,rice
23.28617173,81.43321641,5.105588355,242.3170629,rainy,rice
25.48591986,81.40633547,5.935344406,182.6549356,rainy,rice
23.67575393,81.03569343,5.17782304,233.7034975,rainy,rice
20.82477109,84.1341879,6.462391607,230.2242223,rainy,rice
26.92995077,81.91411159,7.069172227,290.6793783,rainy,rice
23.83509503,83.88387074,7.473134377,241.2013513,rainy,rice
26.52872817,80.12267476,6.158376967,218.9163567,rainy,rice
26.46428311,83.85642678,7.549873681,248.2256491,rainy,rice
22.69657794,82.81088865,6.028321558,256.9964761,rainy,rice
22.68319059,83.46358271,6.604993475,194.2651719,rainy,rice
21.53346343,82.14004101,6.500343222,295.9248796,rainy,rice
21.40865769,83.3293191,5.935745417,287.5766935,rainy,rice
26.54348085,84.67353597,7.072655622,183.6222657,rainy,rice
23.35905428,83.59512273,5.333322606,188.413665,rainy,rice
22.61359953,63.69070564,5.749914421,87.75953857,rainy,maize
26.10018422,71.57476937,6.931756558,102.2662445,rainy,maize
23.55882094,71.59351368,6.657964753,66.71995467,rainy,maize
19.97215954,57.68272924,6.596060648,60.65171481,rainy,maize
18.47891261,62.69503871,5.970458434,65.43835393,rainy,maize
21.77689322,57.80840636,6.158830619,102.0861694,rainy,maize
25.6217169,66.50415474,6.047906679,105.4654703,rainy,maize
25.19192419,66.6902901,5.913664501,78.06639649,rainy,maize
20.41683147,62.5542482,5.855442401,65.27798457,rainy,maize
24.92162194,66.78627406,5.750254943,109.2162279,rainy,maize
23.31689124,73.4541537,5.852607099,94.29712821,rainy,maize
24.84016732,68.3584573,6.472523287,74.05474936,rainy,maize
22.27526694,58.84015925,6.967057762,63.87020584,rainy,maize
18.87751445,65.76816093,6.082973754,94.76189431,rainy,maize
25.19008683,60.2001687,5.919045532,72.12375573,rainy,maize
18.25405352,55.28220433,6.204747653,63.72358154,rainy,maize
24.6129118,70.4162444,6.600827017,104.1626147,rainy,maize
25.1420613,65.26185135,6.021902237,76.68456006,rainy,maize
23.09348056,60.1159381,6.033550195,65.49730729,rainy,maize
18.05033737,62.89366992,6.28886807,84.23613484,rainy,maize
24.9321581,73.80435276,6.550563823,79.74078719,rainy,maize
18.14710054,71.09445342,5.573286437,88.07753741,rainy,maize
18.28362235,66.65952796,6.829199275,80.97573281,rainy,maize
18.83344471,58.75082029,5.716222912,79.7532896,rainy,maize
25.71895816,67.22190688,5.54990242,74.51490791,rainy,maize
25.33797709,68.49835977,6.586244581,96.46380213,rainy,maize
23.89114571,57.48775781,5.893093135,102.8301942,rainy,maize
21.53574127,71.50905983,5.918263801,102.4852929,rainy,maize
23.08974909,63.10459626,5.588650585,70.43473609,rainy,maize
25.61707368,63.4711755,6.576418207,108.8303762,rainy,maize
21.44526922,63.1621551,6.178056304,65.88951188,rainy,maize
18.51816776,55.53128131,6.641906353,90.988051,rainy,maize
22.53510514,67.99257471,6.489040367,64.40866039,rainy,maize
23.02038334,61.89472002,5.680361038,63.03843397,rainy,maize
24.89364635,65.61418761,6.625404348,87.9298085,rainy,maize
25.77175115,74.089114,6.524478032,107.4931917,rainy,maize
19.39851734,62.35750641,5.696205468,60.95197486,rainy,maize
21.54156232,59.64024162,6.803931519,109.7515385,rainy,maize
23.79746068,74.82913698,6.252797548,91.76337172,rainy,maize
18.9802729,74.52600826,6.092725883,94.26249353,rainy,maize
24.10859207,73.13112261,6.234330356,71.07562236,rainy,maize
24.7947077,70.04556743,5.722579819,76.72860067,rainy,maize
21.63162756,60.27766379,6.430616465,69.21803098,rainy,maize
25.37548751,57.21025565,5.983952675,101.7004306,rainy,maize
22.21738222,72.85462807,6.80163854,106.6213157,rainy,maize
20.58314011,69.00128641,6.499936446,66.29390357,rainy,maize
24.87502824,68.74248334,6.265564338,91.26056654,rainy,maize
20.03728219,56.35606753,6.727303282,109.024141,rainy,maize
25.95263264,61.89082199,6.325235159,99.57981207,rainy,maize
19.28889933,65.47050802,6.807487794,71.3195307,rainy,maize
20.57981887,65.34583901,6.671085817,78.34604471,rainy,maize
24.71417533,56.73426469,6.648725327,88.45361858,rainy,maize
20.27317074,63.91281869,6.439071996,62.50351892,rainy,maize
18.41932981,64.23580251,6.474476516,76.41312437,rainy,maize
23.39128187,61.74427165,5.871647806,107.3198135,rainy,maize
19.84939404,61.24500053,5.730617109,100.7689246,rainy,maize
21.869274,61.91044947,5.850439831,107.2681929,rainy,maize
22.8056033,56.50768935,5.791649933,101.5952794,rainy,maize
19.0781471,69.02298571,6.740000688,80.72515943,rainy,maize
22.02720976,65.35549924,6.272417541,83.73280082,rainy,maize
23.80546189,59.24537979,5.715208817,89.9622014,rainy,maize
18.52510753,69.0276233,5.773454729,88.10234397,rainy,maize
23.50297882,61.32026065,5.584171461,64.77791424,rainy,maize
26.54986394,72.89187265,5.787268394,73.33636055,rainy,maize
19.29563411,69.63481219,5.77597783,83.21030571,rainy,maize
20.68899915,59.4375337,6.864793607,103.651438,rainy,maize
19.32666088,68.034493,6.192360003,84.22969177,rainy,maize
24.60532218,73.58868502,6.636803223,96.59195302,rainy,maize
22.27373646,59.52193158,5.826426917,67.96704792,rainy,maize
25.70196694,61.33450447,6.960358276,83.20711308,rainy,maize
19.20129357,68.30578978,6.11275104,87.85092352,rainy,maize
21.70181447,60.47470519,6.708446922,95.71388473,rainy,maize
20.51716779,59.21235483,5.561510732,67.61013737,rainy,maize
23.30355338,73.62548442,5.873242491,97.59081274,rainy,maize
24.2547451,55.64709899,6.995843776,64.23845455,rainy,maize
24.86374934,65.7420046,5.714799723,75.82270467,rainy,maize
22.6265115,65.77472881,6.78073637,88.17251033,rainy,maize
18.04185513,60.61494304,5.513697923,104.2321615,rainy,maize
23.26237612,72.33125523,5.798423908,67.10225139,rainy,maize
22.88330922,71.59722446,6.352471866,67.72777298,rainy,maize
25.97482359,69.36385721,6.822586546,103.2234212,rainy,maize
26.14384005,66.20569924,6.655426355,107.2361366,rainy,maize
18.66116213,61.55327249,6.121294041,75.03247667,rainy,maize
25.10787449,55.97732754,5.790770203,78.16077693,rainy,maize
23.33844615,59.24580604,6.47444292,105.0083144,rainy,maize
25.08239719,65.92195844,6.455116637,62.49190812,rainy,maize
25.36768364,72.52054555,6.606984086,107.9124111,rainy,maize
25.34217103,63.31801994,6.330554389,74.52082026,rainy,maize
25.00933355,67.816568,6.528631266,62.91359494,rainy,maize
18.66746724,71.516474,5.721667141,69.93293255,rainy,maize
20.37999665,63.73849998,6.644205485,108.5054416,rainy,maize
18.09300227,72.61024172,6.376651091,78.96159541,rainy,maize
26.16985907,71.96246617,6.247040422,79.84925393,rainy,maize
18.65396672,61.37879671,6.656730008,93.62039175,rainy,maize
26.07470121,59.37147589,6.2048017,85.75692395,rainy,maize
18.92851916,72.80086137,6.158860284,82.34162918,rainy,maize
23.30546753,63.24648023,6.385684214,108.7603001,rainy,maize
18.74826712,62.49878458,6.417820493,70.23401597,rainy,maize
19.74213321,59.66263104,6.381201909,65.50861389,rainy,maize
25.73044432,70.74739256,6.877869005,98.73771338,rainy,maize
17.02498456,16.98861173,7.485996067,88.55123143,winter,chickpea
19.02061277,17.13159126,6.920251378,79.92698081,winter,chickpea
17.88776475,15.40589717,5.996932037,68.54932919,winter,chickpea
18.86805647,15.65809214,6.391173589,88.51048983,winter,chickpea
18.36952567,19.56381041,7.152811172,79.26357665,winter,chickpea
20.45078582,15.40312102,5.988992796,92.68373702,winter,chickpea
20.6543203,16.60820843,6.231049028,74.6631118,winter,chickpea
17.3348681,18.74926979,7.550808267,82.61734721,winter,chickpea
18.17912258,18.90426935,7.010570541,81.84997529,winter,chickpea
18.01272266,18.30968112,8.753795334,81.98568791,winter,chickpea
20.99373558,19.33470387,8.718192847,93.55280105,winter,chickpea
19.46233971,15.22538951,7.976607593,74.58565097,winter,chickpea
19.81344531,14.69765308,6.515499549,78.96514709,winter,chickpea
18.97424756,19.5161216,8.490127142,80.7108745,winter,chickpea
18.19737048,14.71070537,6.576415562,70.18185181,winter,chickpea
18.72963144,19.18197264,6.481783043,71.58010169,winter,chickpea
20.99502153,19.8601304,7.966605025,73.50734019,winter,chickpea
20.28155898,16.39535215,8.140825437,82.52339655,winter,chickpea
17.48042641,15.7559405,7.228963452,66.96980581,winter,chickpea
20.88818675,14.32313811,6.492546046,90.46228334,winter,chickpea
17.08498521,16.14565756,7.528599957,71.31007253,winter,chickpea
20.09340593,15.11279612,7.701446446,85.74904898,winter,chickpea
17.57212145,14.99927489,8.519975748,89.31050665,winter,chickpea
19.12065218,18.43475844,6.620900869,85.52950164,winter,chickpea
18.57665902,19.22008229,8.104396058,72.94940441,winter,chickpea
17.16606398,14.42457525,6.204090835,72.32667516,winter,chickpea
18.2872007,16.67921616,6.051091339,74.87445574,winter,chickpea
19.03025305,18.66725565,7.690962338,94.70992037,winter,chickpea
17.1418614,17.0662427,7.829211144,83.74606679,winter,chickpea
17.47809436,17.93253975,6.761599706,78.92060234,winter,chickpea
20.56601874,14.25803981,6.654425315,83.75937135,winter,chickpea
17.22385224,15.82069268,6.129533877,76.57580954,winter,chickpea
19.69141713,19.44225438,8.829273328,91.76071648,winter,chickpea
17.84851658,19.09172907,8.621662982,76.32470713,winter,chickpea
18.8202251,16.1074793,8.204862075,89.73119396,winter,chickpea
17.47500984,16.54314829,6.18042747,93.35034262,winter,chickpea
18.72649425,17.58406365,7.978996755,81.20176515,winter,chickpea
18.65580107,16.17772668,7.863113671,81.70769297,winter,chickpea
18.2356751,19.68538502,6.967843048,83.74879344,winter,chickpea
18.81198127,15.21618225,6.206582193,77.5429424,winter,chickpea
18.65054116,17.80852431,8.868741443,77.92798682,winter,chickpea
20.36720401,16.89574311,8.766128654,82.2545577,winter,chickpea
18.38120357,16.63805158,8.736337905,70.52056697,winter,chickpea
17.17012591,17.30457712,8.081095263,72.78624223,winter,chickpea
19.37101121,15.77458129,6.138243973,85.24819851,winter,chickpea
17.92845928,14.27327988,7.496645259,85.37378769,winter,chickpea
19.45339934,18.23490739,8.380185271,75.6317566,winter,chickpea
19.12829388,14.92241479,6.289614016,89.61857826,winter,chickpea
19.1034283,17.26184541,6.586777189,75.49101167,winter,chickpea
17.48504075,16.96070581,6.89655198,86.05078037,winter,chickpea
19.40751744,18.98030507,7.806747656,80.25064637,winter,chickpea
20.18649426,19.63719995,7.150681303,78.26039559,winter,chickpea
17.30287885,15.15405941,6.64919573,75.57790384,winter,chickpea
17.50361137,15.48083156,7.778591618,72.9446671,winter,chickpea
18.17234999,14.70085967,6.358740355,90.7760707,winter,chickpea
17.57445618,16.71826572,8.255450758,77.81891424,winter,chickpea
20.93175255,18.91295403,6.456148474,78.06910795,winter,chickpea
19.71098332,17.63879418,6.613072145,85.57925437,winter,chickpea
19.07937684,17.86754927,8.165359297,69.40619137,winter,chickpea
18.54988627,16.02542689,7.64867466,76.32565249,winter,chickpea
18.19903647,17.41333199,6.545888558,80.6405403,winter,chickpea
18.88852533,14.99451145,7.104224797,80.1113384,winter,chickpea
18.49311205,14.72115044,7.358099622,91.94595352,winter,chickpea
19.48974337,17.17260319,6.4740245,87.51312796,winter,chickpea
17.25769499,18.74943955,7.840339389,94.00287214,winter,chickpea
19.62416326,18.71483156,7.064790365,88.4585692,winter,chickpea
20.67526473,19.85388984,7.599033472,84.78344008,winter,chickpea
20.02381489,16.63294455,6.715587232,68.97806542,winter,chickpea
20.1187446,14.44228303,6.81712422,88.68168643,winter,chickpea
20.65691793,15.84572566,7.985417393,65.23811143,winter,chickpea
19.2582557,14.2804191,7.545258424,65.78042032,winter,chickpea
17.927806,15.85622899,7.728998197,74.63872762,winter,chickpea
19.16288268,15.83500655,7.354973451,82.69766829,winter,chickpea
20.26942271,19.96978871,7.313122235,69.64449182,winter,chickpea
17.09104223,18.25142068,7.785039076,87.27444866,winter,chickpea
17.06579293,17.54024066,6.307004923,70.87150577,winter,chickpea
20.62767492,14.44008871,6.403982316,92.06630306,winter,chickpea
20.8248451,17.85057083,7.599279991,79.20509212,winter,chickpea
19.46210401,18.72831993,7.217018459,68.81405149,winter,chickpea
17.18248372,16.42891834,7.561108006,72.85017344,winter,chickpea
17.48911699,16.39055394,7.489545074,79.45758333,winter,chickpea
17.48395377,14.76014523,6.609696734,65.11365631,winter,chickpea
19.48316794,17.44534641,7.476800943,80.4986291,winter,chickpea
19.71359733,18.09665739,7.325451279,73.64476535,winter,chickpea
19.48649305,16.06240074,6.489389282,81.5284269,winter,chickpea
19.95264829,14.82633099,7.786366322,88.6810311,winter,chickpea
19.41789736,16.80472243,6.408437886,68.4951189,winter,chickpea
19.45591848,18.02235902,8.423873703,78.44910564,winter,chickpea
20.19137759,16.41998269,8.719960893,77.33795356,winter,chickpea
18.8392908,14.74071856,7.811997977,94.78189594,winter,chickpea
20.71219282,19.83643308,6.317153205,94.03659867,winter,chickpea
18.99424448,15.9362937,7.114405288,78.69707199,winter,chickpea
19.96837462,15.57324389,8.135900726,69.15759062,winter,chickpea
17.81564548,17.60756635,7.714153038,90.82097601,winter,chickpea
20.71424384,15.27824066,7.103798069,76.77888672,winter,chickpea
17.34150229,18.75626255,8.861479668,67.9545435,winter,chickpea
17.43732714,14.33847406,7.861128148,73.0926704,winter,chickpea
18.89780215,19.76182946,7.4526709,69.09512477,winter,chickpea
18.59190771,14.77959596,7.168096055,89.60982451,winter,chickpea
18.31561493,15.36143547,7.26311855,81.78710463,winter,chickpea
17.13692774,20.59541693,5.68597166,128.256862,spring,kidneybeans
19.63474332,18.90705639,5.759237003,106.3598183,spring,kidneybeans
22.91350245,21.33953114,5.873171894,109.225556,spring,kidneybeans
16.43340342,24.24045875,5.926676985,140.3717815,spring,kidneybeans
22.13974653,23.02251117,5.95561668,76.64128258,spring,kidneybeans
17.84806561,18.77621951,5.949949081,143.0984171,spring,kidneybeans
19.88394011,20.31564139,5.789214289,60.91974792,spring,kidneybeans
19.32509638,23.3334788,5.581021521,104.7783947,spring,kidneybeans
18.4167001,23.42829938,5.689858133,132.9801054,spring,kidneybeans
21.81167649,23.20591245,5.794158504,130.0608093,spring,kidneybeans
19.72702528,18.28173015,5.748190463,143.7630894,spring,kidneybeans
17.15432954,19.87070659,5.566522896,87.99669731,spring,kidneybeans
19.62207826,18.67170854,5.809419584,144.1567454,spring,kidneybeans
21.63149148,21.17919701,5.887263027,134.3649948,spring,kidneybeans
16.06522754,18.72479695,5.99812453,88.06638775,spring,kidneybeans
20.61162204,24.36314135,5.792744849,69.63833855,spring,kidneybeans
21.42451099,20.39659714,5.912289889,116.5206923,spring,kidneybeans
19.07096165,21.21092266,5.788386951,86.21917578,spring,kidneybeans
21.18853178,19.63438599,5.728233081,137.1948633,spring,kidneybeans
23.0429097,22.42610972,5.833940084,108.3684316,spring,kidneybeans
20.65375833,23.10538637,5.967533236,67.71768947,spring,kidneybeans
18.09551014,18.29318436,5.625096446,144.7902323,spring,kidneybeans
18.23775702,21.07643273,5.515615023,69.44951585,spring,kidneybeans
17.48189735,18.8251973,5.954665349,121.9401369,spring,kidneybeans
19.9191786,21.47324158,5.74644777,82.68554379,spring,kidneybeans
20.27514686,23.2353604,5.877347515,139.7521543,spring,kidneybeans
15.77370214,19.2303162,5.979973965,108.3441414,spring,kidneybeans
16.71170642,19.17651433,5.635993966,96.77285817,spring,kidneybeans
17.66148158,18.15302753,5.635231778,100.6711761,spring,kidneybeans
18.50692825,23.61670065,5.679224346,87.0513289,spring,kidneybeans
24.51324787,20.81527638,5.670062975,64.19497947,spring,kidneybeans
18.87614998,24.54038287,5.724242065,105.4120514,spring,kidneybeans
21.59343016,20.31871249,5.811314232,61.13872036,spring,kidneybeans
20.12373284,24.45202552,5.783425416,106.158201,spring,kidneybeans
15.43546065,18.37477907,5.607808432,139.0302034,spring,kidneybeans
22.64236876,21.59396123,5.946999529,122.3886015,spring,kidneybeans
21.98560799,24.87304788,5.852046999,129.5650601,spring,kidneybeans
20.53052663,18.09224048,5.824090984,120.4509288,spring,kidneybeans
15.78601387,21.14544088,5.502999119,95.17028129,spring,kidneybeans
19.6365349,19.68751084,5.821649914,96.65888933,spring,kidneybeans
20.57341244,19.7520218,5.711439256,87.87869161,spring,kidneybeans
20.16080524,24.84207559,5.514927264,138.2362122,spring,kidneybeans
21.53989176,24.25386207,5.99616119,120.6913038,spring,kidneybeans
15.53834801,23.75560241,5.695422863,107.3850593,spring,kidneybeans
19.91853092,20.70099804,5.833010958,108.6434544,spring,kidneybeans
20.76952209,18.93146941,5.568456899,109.0193712,spring,kidneybeans
23.46168338,23.22197648,5.645435626,95.84253438,spring,kidneybeans
24.32116642,21.0278674,5.821194486,60.27552528,spring,kidneybeans
20.12574053,24.96969858,5.659254981,100.0497183,spring,kidneybeans
21.80619564,18.57086554,5.945465949,125.0972687,spring,kidneybeans
19.52226241,24.92607153,5.951177452,113.334026,spring,kidneybeans
17.00067625,19.90790546,5.520880014,103.2926407,spring,kidneybeans
16.78791503,24.96881755,5.578410206,75.45328039,spring,kidneybeans
24.84906168,22.89464642,5.608165195,62.21292186,spring,kidneybeans
16.51783455,20.4555596,5.609435128,98.77794225,spring,kidneybeans
18.15300153,19.38602098,5.509295379,107.6907964,spring,kidneybeans
23.18864385,22.3104551,5.902033406,63.38208822,spring,kidneybeans
23.38002569,21.98879437,5.744117663,87.66898664,spring,kidneybeans
18.358923,19.37703396,5.717143397,138.414764,spring,kidneybeans
19.25975367,20.51346956,5.542690119,94.9533526,spring,kidneybeans
22.95458237,24.03553105,5.858617867,107.7315386,spring,kidneybeans
20.120043,22.89845607,5.618844277,104.6252153,spring,kidneybeans
21.14011423,22.7182355,5.606620346,141.6056722,spring,kidneybeans
24.92360104,18.22590825,5.582178402,62.7089169,spring,kidneybeans
15.33042636,24.91506728,5.56503533,135.3315583,spring,kidneybeans
18.81097271,21.27833035,5.889614577,125.084915,spring,kidneybeans
23.44260668,22.77255917,5.934136378,107.4137246,spring,kidneybeans
22.8352024,18.97267518,5.683548308,63.59276673,spring,kidneybeans
24.9035819,22.27512704,5.70836603,146.4727237,spring,kidneybeans
23.78709569,24.35679348,5.948164454,119.6404412,spring,kidneybeans
22.05592283,19.60379304,5.774755144,126.7265372,spring,kidneybeans
18.87492997,20.18238348,5.97229163,134.1811718,spring,kidneybeans
18.62328774,23.02410338,5.532100554,135.3378033,spring,kidneybeans
23.00884744,18.86880997,5.669560726,100.118612,spring,kidneybeans
19.33162606,24.13995025,5.655726817,68.51253427,spring,kidneybeans
16.24469193,21.35793891,5.591704014,66.97053257,spring,kidneybeans
17.91652287,24.90814655,5.932323085,69.14681022,spring,kidneybeans
15.46789263,21.43780702,5.824208309,88.88796102,spring,kidneybeans
17.06104474,23.77201471,5.86442953,81.83420522,spring,kidneybeans
21.32776028,18.48522915,5.866744372,109.1013261,spring,kidneybeans
23.90910104,20.74619325,5.706198621,81.60211243,spring,kidneybeans
23.89756791,22.74378977,5.940546818,112.6616435,spring,kidneybeans
22.98666928,20.57940608,5.916779289,143.8584938,spring,kidneybeans
21.35135729,22.91244883,5.779090476,146.4548645,spring,kidneybeans
24.1638445,19.27907819,5.82738029,116.7324324,spring,kidneybeans
24.62835037,18.18325169,5.514234138,149.7441028,spring,kidneybeans
21.02213209,24.93896255,5.662699104,124.6118471,spring,kidneybeans
17.30844532,20.01730914,5.86390397,115.199245,spring,kidneybeans
23.82576704,24.75485098,5.624690248,84.64143632,spring,kidneybeans
19.30607278,23.96362799,5.591560999,129.3449326,spring,kidneybeans
16.03768615,22.33195853,5.976312538,130.3900798,spring,kidneybeans
19.18572809,20.83398341,5.669236258,80.15293435,spring,kidneybeans
19.92889503,21.79992115,5.961934481,64.02640797,spring,kidneybeans
19.56376468,24.67385131,5.690065688,139.2921004,spring,kidneybeans
18.31357543,24.32991649,5.698371311,76.14153904,spring,kidneybeans
20.10993761,23.22323766,5.59503163,73.36386477,spring,kidneybeans
23.60506572,21.90539577,5.525904526,100.5978728,spring,kidneybeans
19.73136909,24.89487354,5.819403771,84.06354115,spring,kidneybeans
20.93409877,21.1893007,5.562201934,133.1914419,spring,kidneybeans
18.78226261,20.24768314,5.630664753,104.2570723,spring,kidneybeans
36.51268371,57.92887167,6.03160778,122.6539694,rainy,pigeonpeas
36.89163721,62.73178224,5.269084669,163.7266551,rainy,pigeonpeas
29.23540524,59.38967583,5.985792703,103.3301803,rainy,pigeonpeas
27.33534897,43.35795962,6.09186275,142.3303677,rainy,pigeonpeas
21.0643684,55.46985938,5.624731338,184.6226709,rainy,pigeonpeas
30.33276599,42.35249879,6.446091759,149.299952,rainy,pigeonpeas
31.80130272,45.03186173,5.623490043,147.0361442,rainy,pigeonpeas
33.18184225,38.23184742,5.864623352,198.8298806,rainy,pigeonpeas
29.38538562,63.47742011,5.761702519,90.05422663,rainy,pigeonpeas
30.27374995,67.38680755,4.696518678,127.7767134,rainy,pigeonpeas
35.45790488,68.75810535,5.269504214,108.6333046,rainy,pigeonpeas
33.80020039,40.03262418,7.445444883,176.6165894,rainy,pigeonpeas
28.69180475,49.47225353,5.833031708,96.36222901,rainy,pigeonpeas
31.24021696,56.67369054,7.339320929,122.0146733,rainy,pigeonpeas
28.98039357,57.23265151,6.347929353,120.7435664,rainy,pigeonpeas
27.32198928,34.13737127,4.697750704,96.51524028,rainy,pigeonpeas
21.47607807,38.80023714,4.962661422,180.382234,rainy,pigeonpeas
18.31910448,34.69776639,4.964887857,107.4721605,rainy,pigeonpeas
36.97794384,37.73992903,5.642813116,161.4812963,rainy,pigeonpeas
24.80467592,40.1242747,5.6093956,121.5639121,rainy,pigeonpeas
19.3479443,55.96805489,4.681576043,194.5921148,rainy,pigeonpeas
28.88302142,50.12323801,5.70951224,179.2155874,rainy,pigeonpeas
19.54314136,47.19188279,6.413543781,192.4372194,rainy,pigeonpeas
24.7741949,50.54621094,6.007508163,114.2821387,rainy,pigeonpeas
18.33124824,38.40975482,4.946369874,139.6483317,rainy,pigeonpeas
19.14729038,45.3733757,5.517208078,132.7748215,rainy,pigeonpeas
28.23416057,49.4421345,5.902103172,186.5008581,rainy,pigeonpeas
30.11812084,34.13307843,5.719889876,157.0858232,rainy,pigeonpeas
33.4126864,35.42910045,4.548202098,139.6702541,rainy,pigeonpeas
24.18553163,46.68746847,6.669529416,177.3377996,rainy,pigeonpeas
26.88630675,41.69617915,4.750929218,94.46748008,rainy,pigeonpeas
31.33170829,57.97429171,4.946263888,161.7820226,rainy,pigeonpeas
33.30711818,67.07780816,5.266227032,108.5090168,rainy,pigeonpeas
23.45379018,46.48714759,7.10959773,150.8712202,rainy,pigeonpeas
34.53823889,39.04468913,5.617008201,168.5948318,rainy,pigeonpeas
19.50112224,34.51086611,5.632353113,197.3752649,rainy,pigeonpeas
28.76794904,37.57792132,4.674941549,91.72084869,rainy,pigeonpeas
30.97758716,32.24914235,7.161797643,180.716828,rainy,pigeonpeas
18.39759147,36.82639309,6.624966131,93.12330644,rainy,pigeonpeas
35.09357419,30.98685456,5.004074624,116.9106908,rainy,pigeonpeas
34.93174223,30.40046769,6.345806011,159.2649827,rainy,pigeonpeas
29.50523036,35.72032498,6.216814453,187.8961851,rainy,pigeonpeas
34.51934775,47.52980027,5.921666758,129.0064612,rainy,pigeonpeas
28.43430726,52.10010827,6.012719118,147.0414824,rainy,pigeonpeas
18.41645629,34.80541039,4.684079249,163.2747473,rainy,pigeonpeas
31.07508973,47.19847683,7.077170002,91.31256412,rainy,pigeonpeas
20.89342749,46.24856523,6.208843215,195.5697875,rainy,pigeonpeas
30.90607799,52.79913039,7.05181629,170.9919828,rainy,pigeonpeas
27.9348279,66.45457122,4.722222454,145.3728801,rainy,pigeonpeas
35.95176642,36.52780776,6.418062652,136.0456753,rainy,pigeonpeas
19.54317155,56.92831399,4.803564468,173.1686574,rainy,pigeonpeas
19.63736208,32.31528909,4.608695247,176.4134092,rainy,pigeonpeas
31.2192752,56.46868874,5.611510977,129.2028653,rainy,pigeonpeas
33.50876355,45.70976142,7.322097972,126.6738117,rainy,pigeonpeas
24.80710166,45.01110015,5.023115055,188.4928637,rainy,pigeonpeas
36.20970524,31.94550613,5.617122801,191.0658531,rainy,pigeonpeas
30.50420876,35.48885969,5.391560418,162.5927723,rainy,pigeonpeas
26.01630259,49.94704718,5.906596905,160.3337447,rainy,pigeonpeas
31.48469278,35.6395615,6.574209678,100.546816,rainy,pigeonpeas
33.15122581,32.45974539,4.807776749,105.0380275,rainy,pigeonpeas
23.50222822,51.29019509,4.760038039,192.3023991,rainy,pigeonpeas
34.87248659,38.83786012,5.180271502,148.2502786,rainy,pigeonpeas
28.09269012,44.93322042,4.895927306,197.1144011,rainy,pigeonpeas
24.54757829,57.3414485,6.436160044,118.3606557,rainy,pigeonpeas
33.64769646,48.41490082,7.066087261,100.4673278,rainy,pigeonpeas
20.5591255,60.54880693,6.655918078,191.0895109,rainy,pigeonpeas
19.95991719,59.33157782,5.982854523,195.787103,rainy,pigeonpeas
28.87667593,62.4901206,5.457871273,182.2688175,rainy,pigeonpeas
36.04353699,43.61444121,4.759490199,159.8938645,rainy,pigeonpeas
23.6734328,47.2879691,7.342409555,141.1250722,rainy,pigeonpeas
25.74679443,40.7192594,4.820788186,100.7791633,rainy,pigeonpeas
31.08564994,66.68832981,6.242052013,175.9303271,rainy,pigeonpeas
18.72987676,61.33186249,5.001038726,139.8710041,rainy,pigeonpeas
29.50304807,63.46513414,5.560224583,189.5208915,rainy,pigeonpeas
20.43517772,39.37252634,4.747352458,137.2279662,rainy,pigeonpeas
36.00415838,56.01334416,7.313517308,134.8596466,rainy,pigeonpeas
31.46846241,35.39454002,5.661826398,174.5723999,rainy,pigeonpeas
36.30049702,56.03021253,4.672437054,101.6073988,rainy,pigeonpeas
29.49096726,67.10604388,6.471862118,153.2504506,rainy,pigeonpeas
30.5753044,34.75591197,5.384762927,177.5764304,rainy,pigeonpeas
24.69487673,59.96669215,5.859813416,91.95792434,rainy,pigeonpeas
23.17409556,36.67847052,6.962386495,162.5931264,rainy,pigeonpeas
19.04380471,33.10695144,6.12166671,155.3705624,rainy,pigeonpeas
29.32379604,45.93248374,6.421748487,165.4113371,rainy,pigeonpeas
34.6455408,54.32342534,4.828936119,180.9009998,rainy,pigeonpeas
21.9989826,56.31006755,6.98571967,136.8274312,rainy,pigeonpeas
22.99774444,60.24218572,4.603563116,159.689339,rainy,pigeonpeas
30.55992394,35.29006485,6.979540061,178.8998611,rainy,pigeonpeas
31.46417866,48.17631461,7.064973419,165.405354,rainy,pigeonpeas
25.95058595,40.58227261,5.16516459,109.1821183,rainy,pigeonpeas
21.01142393,69.69141302,5.111488821,185.2039114,rainy,pigeonpeas
19.25100056,47.70351758,5.374358869,149.063196,rainy,pigeonpeas
19.24462755,50.54495302,5.671419084,180.6465282,rainy,pigeonpeas
22.47253208,62.56532471,5.667419697,96.74706956,rainy,pigeonpeas
36.75087487,58.25799145,6.07938452,124.6028153,rainy,pigeonpeas
29.89286629,66.35375127,6.931924963,198.1403003,rainy,pigeonpeas
29.37735586,44.82294584,6.842744374,172.40168,rainy,pigeonpeas
29.65052947,42.89833235,6.876572503,186.9226052,rainy,pigeonpeas
19.54284889,66.34777265,6.151029296,173.1106982,rainy,pigeonpeas